PRAGMA foreign_keys=OFF;
BEGIN TRANSACTION;
CREATE TABLE IF NOT EXISTS "django_migrations" ("id" integer NOT NULL PRIMARY KEY AUTOINCREMENT, "app" varchar(255) NOT NULL, "name" varchar(255) NOT NULL, "applied" datetime NOT NULL);
INSERT INTO django_migrations VALUES(1,'contenttypes','0001_initial','2025-03-10 12:44:40.684010');
INSERT INTO django_migrations VALUES(2,'auth','0001_initial','2025-03-10 12:44:40.727857');
INSERT INTO django_migrations VALUES(3,'accounts','0001_initial','2025-03-10 12:44:40.749993');
INSERT INTO django_migrations VALUES(4,'admin','0001_initial','2025-03-10 12:44:40.796169');
INSERT INTO django_migrations VALUES(5,'admin','0002_logentry_remove_auto_add','2025-03-10 12:44:40.830925');
INSERT INTO django_migrations VALUES(6,'admin','0003_logentry_add_action_flag_choices','2025-03-10 12:44:40.853385');
INSERT INTO django_migrations VALUES(7,'contenttypes','0002_remove_content_type_name','2025-03-10 12:44:40.895153');
INSERT INTO django_migrations VALUES(8,'auth','0002_alter_permission_name_max_length','2025-03-10 12:44:40.922775');
INSERT INTO django_migrations VALUES(9,'auth','0003_alter_user_email_max_length','2025-03-10 12:44:40.954232');
INSERT INTO django_migrations VALUES(10,'auth','0004_alter_user_username_opts','2025-03-10 12:44:40.981695');
INSERT INTO django_migrations VALUES(11,'auth','0005_alter_user_last_login_null','2025-03-10 12:44:41.013874');
INSERT INTO django_migrations VALUES(12,'auth','0006_require_contenttypes_0002','2025-03-10 12:44:41.022461');
INSERT INTO django_migrations VALUES(13,'auth','0007_alter_validators_add_error_messages','2025-03-10 12:44:41.046455');
INSERT INTO django_migrations VALUES(14,'auth','0008_alter_user_username_max_length','2025-03-10 12:44:41.078667');
INSERT INTO django_migrations VALUES(15,'auth','0009_alter_user_last_name_max_length','2025-03-10 12:44:41.112803');
INSERT INTO django_migrations VALUES(16,'auth','0010_alter_group_name_max_length','2025-03-10 12:44:41.143153');
INSERT INTO django_migrations VALUES(17,'auth','0011_update_proxy_permissions','2025-03-10 12:44:41.182286');
INSERT INTO django_migrations VALUES(18,'auth','0012_alter_user_first_name_max_length','2025-03-10 12:44:41.212674');
INSERT INTO django_migrations VALUES(19,'sessions','0001_initial','2025-03-10 12:44:41.237512');
INSERT INTO django_migrations VALUES(20,'accounts','0002_userprofile_usertype','2025-03-10 14:52:46.807170');
INSERT INTO django_migrations VALUES(21,'accounts','0003_interest_userprofile_interests','2025-03-10 15:40:55.247829');
INSERT INTO django_migrations VALUES(22,'myvibeapp','0001_initial','2025-03-11 21:09:33.255631');
INSERT INTO django_migrations VALUES(23,'taggit','0001_initial','2025-03-12 19:42:28.838108');
INSERT INTO django_migrations VALUES(24,'taggit','0002_auto_20150616_2121','2025-03-12 19:42:28.860507');
INSERT INTO django_migrations VALUES(25,'taggit','0003_taggeditem_add_unique_index','2025-03-12 19:42:28.894393');
INSERT INTO django_migrations VALUES(26,'taggit','0004_alter_taggeditem_content_type_alter_taggeditem_tag','2025-03-12 19:42:28.970807');
INSERT INTO django_migrations VALUES(27,'taggit','0005_auto_20220424_2025','2025-03-12 19:42:28.998473');
INSERT INTO django_migrations VALUES(28,'taggit','0006_rename_taggeditem_content_type_object_id_taggit_tagg_content_8fc721_idx','2025-03-12 19:42:29.053784');
INSERT INTO django_migrations VALUES(29,'events','0001_initial','2025-03-12 19:42:29.497579');
INSERT INTO django_migrations VALUES(30,'accounts','0004_userprofile_email_confirmed_userprofile_otp_code_and_more','2025-04-19 15:20:52.140127');
INSERT INTO django_migrations VALUES(31,'accounts','0005_userprofile_theme','2025-04-20 09:35:59.037104');
INSERT INTO django_migrations VALUES(32,'accounts','0006_userprofile_bio_following','2025-04-21 08:05:21.323666');
INSERT INTO django_migrations VALUES(33,'events','0002_invite','2025-04-21 20:56:26.328217');
INSERT INTO django_migrations VALUES(34,'events','0003_alter_invite_event_alter_invite_recipient','2025-04-21 21:02:03.603818');
INSERT INTO django_migrations VALUES(35,'accounts','0007_notification','2025-04-25 22:03:00.790245');
INSERT INTO django_migrations VALUES(36,'accounts','0008_userprofile_last_reset_request','2025-04-26 06:43:57.592892');
CREATE TABLE IF NOT EXISTS "auth_group_permissions" ("id" integer NOT NULL PRIMARY KEY AUTOINCREMENT, "group_id" integer NOT NULL REFERENCES "auth_group" ("id") DEFERRABLE INITIALLY DEFERRED, "permission_id" integer NOT NULL REFERENCES "auth_permission" ("id") DEFERRABLE INITIALLY DEFERRED);
CREATE TABLE IF NOT EXISTS "auth_user_groups" ("id" integer NOT NULL PRIMARY KEY AUTOINCREMENT, "user_id" integer NOT NULL REFERENCES "auth_user" ("id") DEFERRABLE INITIALLY DEFERRED, "group_id" integer NOT NULL REFERENCES "auth_group" ("id") DEFERRABLE INITIALLY DEFERRED);
CREATE TABLE IF NOT EXISTS "auth_user_user_permissions" ("id" integer NOT NULL PRIMARY KEY AUTOINCREMENT, "user_id" integer NOT NULL REFERENCES "auth_user" ("id") DEFERRABLE INITIALLY DEFERRED, "permission_id" integer NOT NULL REFERENCES "auth_permission" ("id") DEFERRABLE INITIALLY DEFERRED);
CREATE TABLE IF NOT EXISTS "django_admin_log" ("id" integer NOT NULL PRIMARY KEY AUTOINCREMENT, "object_id" text NULL, "object_repr" varchar(200) NOT NULL, "action_flag" smallint unsigned NOT NULL CHECK ("action_flag" >= 0), "change_message" text NOT NULL, "content_type_id" integer NULL REFERENCES "django_content_type" ("id") DEFERRABLE INITIALLY DEFERRED, "user_id" integer NOT NULL REFERENCES "auth_user" ("id") DEFERRABLE INITIALLY DEFERRED, "action_time" datetime NOT NULL);
CREATE TABLE IF NOT EXISTS "django_content_type" ("id" integer NOT NULL PRIMARY KEY AUTOINCREMENT, "app_label" varchar(100) NOT NULL, "model" varchar(100) NOT NULL);
INSERT INTO django_content_type VALUES(1,'admin','logentry');
INSERT INTO django_content_type VALUES(2,'auth','permission');
INSERT INTO django_content_type VALUES(3,'auth','group');
INSERT INTO django_content_type VALUES(4,'auth','user');
INSERT INTO django_content_type VALUES(5,'contenttypes','contenttype');
INSERT INTO django_content_type VALUES(6,'sessions','session');
INSERT INTO django_content_type VALUES(7,'accounts','userprofile');
INSERT INTO django_content_type VALUES(8,'accounts','interest');
INSERT INTO django_content_type VALUES(9,'myvibeapp','post');
INSERT INTO django_content_type VALUES(10,'myvibeapp','media');
INSERT INTO django_content_type VALUES(11,'myvibeapp','comment');
INSERT INTO django_content_type VALUES(12,'myvibeapp','share');
INSERT INTO django_content_type VALUES(13,'myvibeapp','view');
INSERT INTO django_content_type VALUES(14,'events','event');
INSERT INTO django_content_type VALUES(15,'events','attendance');
INSERT INTO django_content_type VALUES(16,'events','eventcomment');
INSERT INTO django_content_type VALUES(17,'events','eventimage');
INSERT INTO django_content_type VALUES(18,'events','eventlike');
INSERT INTO django_content_type VALUES(19,'events','eventnotification');
INSERT INTO django_content_type VALUES(20,'events','eventshare');
INSERT INTO django_content_type VALUES(21,'taggit','tag');
INSERT INTO django_content_type VALUES(22,'taggit','taggeditem');
INSERT INTO django_content_type VALUES(23,'accounts','following');
INSERT INTO django_content_type VALUES(24,'events','invite');
INSERT INTO django_content_type VALUES(25,'accounts','notification');
CREATE TABLE IF NOT EXISTS "auth_permission" ("id" integer NOT NULL PRIMARY KEY AUTOINCREMENT, "content_type_id" integer NOT NULL REFERENCES "django_content_type" ("id") DEFERRABLE INITIALLY DEFERRED, "codename" varchar(100) NOT NULL, "name" varchar(255) NOT NULL);
INSERT INTO auth_permission VALUES(1,1,'add_logentry','Can add log entry');
INSERT INTO auth_permission VALUES(2,1,'change_logentry','Can change log entry');
INSERT INTO auth_permission VALUES(3,1,'delete_logentry','Can delete log entry');
INSERT INTO auth_permission VALUES(4,1,'view_logentry','Can view log entry');
INSERT INTO auth_permission VALUES(5,2,'add_permission','Can add permission');
INSERT INTO auth_permission VALUES(6,2,'change_permission','Can change permission');
INSERT INTO auth_permission VALUES(7,2,'delete_permission','Can delete permission');
INSERT INTO auth_permission VALUES(8,2,'view_permission','Can view permission');
INSERT INTO auth_permission VALUES(9,3,'add_group','Can add group');
INSERT INTO auth_permission VALUES(10,3,'change_group','Can change group');
INSERT INTO auth_permission VALUES(11,3,'delete_group','Can delete group');
INSERT INTO auth_permission VALUES(12,3,'view_group','Can view group');
INSERT INTO auth_permission VALUES(13,4,'add_user','Can add user');
INSERT INTO auth_permission VALUES(14,4,'change_user','Can change user');
INSERT INTO auth_permission VALUES(15,4,'delete_user','Can delete user');
INSERT INTO auth_permission VALUES(16,4,'view_user','Can view user');
INSERT INTO auth_permission VALUES(17,5,'add_contenttype','Can add content type');
INSERT INTO auth_permission VALUES(18,5,'change_contenttype','Can change content type');
INSERT INTO auth_permission VALUES(19,5,'delete_contenttype','Can delete content type');
INSERT INTO auth_permission VALUES(20,5,'view_contenttype','Can view content type');
INSERT INTO auth_permission VALUES(21,6,'add_session','Can add session');
INSERT INTO auth_permission VALUES(22,6,'change_session','Can change session');
INSERT INTO auth_permission VALUES(23,6,'delete_session','Can delete session');
INSERT INTO auth_permission VALUES(24,6,'view_session','Can view session');
INSERT INTO auth_permission VALUES(25,7,'add_userprofile','Can add user profile');
INSERT INTO auth_permission VALUES(26,7,'change_userprofile','Can change user profile');
INSERT INTO auth_permission VALUES(27,7,'delete_userprofile','Can delete user profile');
INSERT INTO auth_permission VALUES(28,7,'view_userprofile','Can view user profile');
INSERT INTO auth_permission VALUES(29,8,'add_interest','Can add interest');
INSERT INTO auth_permission VALUES(30,8,'change_interest','Can change interest');
INSERT INTO auth_permission VALUES(31,8,'delete_interest','Can delete interest');
INSERT INTO auth_permission VALUES(32,8,'view_interest','Can view interest');
INSERT INTO auth_permission VALUES(33,9,'add_post','Can add post');
INSERT INTO auth_permission VALUES(34,9,'change_post','Can change post');
INSERT INTO auth_permission VALUES(35,9,'delete_post','Can delete post');
INSERT INTO auth_permission VALUES(36,9,'view_post','Can view post');
INSERT INTO auth_permission VALUES(37,10,'add_media','Can add media');
INSERT INTO auth_permission VALUES(38,10,'change_media','Can change media');
INSERT INTO auth_permission VALUES(39,10,'delete_media','Can delete media');
INSERT INTO auth_permission VALUES(40,10,'view_media','Can view media');
INSERT INTO auth_permission VALUES(41,11,'add_comment','Can add comment');
INSERT INTO auth_permission VALUES(42,11,'change_comment','Can change comment');
INSERT INTO auth_permission VALUES(43,11,'delete_comment','Can delete comment');
INSERT INTO auth_permission VALUES(44,11,'view_comment','Can view comment');
INSERT INTO auth_permission VALUES(45,12,'add_share','Can add share');
INSERT INTO auth_permission VALUES(46,12,'change_share','Can change share');
INSERT INTO auth_permission VALUES(47,12,'delete_share','Can delete share');
INSERT INTO auth_permission VALUES(48,12,'view_share','Can view share');
INSERT INTO auth_permission VALUES(49,13,'add_view','Can add view');
INSERT INTO auth_permission VALUES(50,13,'change_view','Can change view');
INSERT INTO auth_permission VALUES(51,13,'delete_view','Can delete view');
INSERT INTO auth_permission VALUES(52,13,'view_view','Can view view');
INSERT INTO auth_permission VALUES(53,14,'add_event','Can add event');
INSERT INTO auth_permission VALUES(54,14,'change_event','Can change event');
INSERT INTO auth_permission VALUES(55,14,'delete_event','Can delete event');
INSERT INTO auth_permission VALUES(56,14,'view_event','Can view event');
INSERT INTO auth_permission VALUES(57,15,'add_attendance','Can add attendance');
INSERT INTO auth_permission VALUES(58,15,'change_attendance','Can change attendance');
INSERT INTO auth_permission VALUES(59,15,'delete_attendance','Can delete attendance');
INSERT INTO auth_permission VALUES(60,15,'view_attendance','Can view attendance');
INSERT INTO auth_permission VALUES(61,16,'add_eventcomment','Can add event comment');
INSERT INTO auth_permission VALUES(62,16,'change_eventcomment','Can change event comment');
INSERT INTO auth_permission VALUES(63,16,'delete_eventcomment','Can delete event comment');
INSERT INTO auth_permission VALUES(64,16,'view_eventcomment','Can view event comment');
INSERT INTO auth_permission VALUES(65,17,'add_eventimage','Can add event image');
INSERT INTO auth_permission VALUES(66,17,'change_eventimage','Can change event image');
INSERT INTO auth_permission VALUES(67,17,'delete_eventimage','Can delete event image');
INSERT INTO auth_permission VALUES(68,17,'view_eventimage','Can view event image');
INSERT INTO auth_permission VALUES(69,18,'add_eventlike','Can add event like');
INSERT INTO auth_permission VALUES(70,18,'change_eventlike','Can change event like');
INSERT INTO auth_permission VALUES(71,18,'delete_eventlike','Can delete event like');
INSERT INTO auth_permission VALUES(72,18,'view_eventlike','Can view event like');
INSERT INTO auth_permission VALUES(73,19,'add_eventnotification','Can add event notification');
INSERT INTO auth_permission VALUES(74,19,'change_eventnotification','Can change event notification');
INSERT INTO auth_permission VALUES(75,19,'delete_eventnotification','Can delete event notification');
INSERT INTO auth_permission VALUES(76,19,'view_eventnotification','Can view event notification');
INSERT INTO auth_permission VALUES(77,20,'add_eventshare','Can add event share');
INSERT INTO auth_permission VALUES(78,20,'change_eventshare','Can change event share');
INSERT INTO auth_permission VALUES(79,20,'delete_eventshare','Can delete event share');
INSERT INTO auth_permission VALUES(80,20,'view_eventshare','Can view event share');
INSERT INTO auth_permission VALUES(81,21,'add_tag','Can add tag');
INSERT INTO auth_permission VALUES(82,21,'change_tag','Can change tag');
INSERT INTO auth_permission VALUES(83,21,'delete_tag','Can delete tag');
INSERT INTO auth_permission VALUES(84,21,'view_tag','Can view tag');
INSERT INTO auth_permission VALUES(85,22,'add_taggeditem','Can add tagged item');
INSERT INTO auth_permission VALUES(86,22,'change_taggeditem','Can change tagged item');
INSERT INTO auth_permission VALUES(87,22,'delete_taggeditem','Can delete tagged item');
INSERT INTO auth_permission VALUES(88,22,'view_taggeditem','Can view tagged item');
INSERT INTO auth_permission VALUES(89,23,'add_following','Can add Following');
INSERT INTO auth_permission VALUES(90,23,'change_following','Can change Following');
INSERT INTO auth_permission VALUES(91,23,'delete_following','Can delete Following');
INSERT INTO auth_permission VALUES(92,23,'view_following','Can view Following');
INSERT INTO auth_permission VALUES(93,24,'add_invite','Can add invite');
INSERT INTO auth_permission VALUES(94,24,'change_invite','Can change invite');
INSERT INTO auth_permission VALUES(95,24,'delete_invite','Can delete invite');
INSERT INTO auth_permission VALUES(96,24,'view_invite','Can view invite');
INSERT INTO auth_permission VALUES(97,25,'add_notification','Can add notification');
INSERT INTO auth_permission VALUES(98,25,'change_notification','Can change notification');
INSERT INTO auth_permission VALUES(99,25,'delete_notification','Can delete notification');
INSERT INTO auth_permission VALUES(100,25,'view_notification','Can view notification');
CREATE TABLE IF NOT EXISTS "auth_group" ("id" integer NOT NULL PRIMARY KEY AUTOINCREMENT, "name" varchar(150) NOT NULL UNIQUE);
CREATE TABLE IF NOT EXISTS "auth_user" ("id" integer NOT NULL PRIMARY KEY AUTOINCREMENT, "password" varchar(128) NOT NULL, "last_login" datetime NULL, "is_superuser" bool NOT NULL, "username" varchar(150) NOT NULL UNIQUE, "last_name" varchar(150) NOT NULL, "email" varchar(254) NOT NULL, "is_staff" bool NOT NULL, "is_active" bool NOT NULL, "date_joined" datetime NOT NULL, "first_name" varchar(150) NOT NULL);
INSERT INTO auth_user VALUES(1,'pbkdf2_sha256$870000$wYXxRRyXbt6h8UkvIl5RE2$L4deiyc1+YFkjxlxzJfOF5iZRtGJMY6WFVO+ZgE6PV4=','2025-04-25 07:35:21.609646',1,'limo','Brian','limobrian48@gmail.com',1,1,'2025-03-10 14:31:10.032167','Limo');
INSERT INTO auth_user VALUES(2,'pbkdf2_sha256$870000$4eH1OzGYo0KUMXCkCFfYWx$zEfAxuhFmaTiMyBt5t/gQ/VrzVsgVBha37Dz7/27Da4=','2025-04-26 06:23:42.278442',0,'villy','Namikoye','villian@gmail.com',0,1,'2025-03-10 15:10:08.116900','Villian');
INSERT INTO auth_user VALUES(3,'pbkdf2_sha256$870000$UNqxZLtu8pvw7GLZvrAZ42$NDKi5dUIa3ALR2FjxyoVZgIIFo/KJa2FvlJUKWArfJs=',NULL,0,'james','Kirui','james@gmail.com',0,1,'2025-03-10 15:15:18.187172','James');
INSERT INTO auth_user VALUES(4,'pbkdf2_sha256$870000$7KHEcYaj1F6hVPJEziC73I$LIt5CETxDmz8cCNShhrLZigt/y7xKXMV+WeSUgsNQrA=','2025-03-29 10:30:12.472786',0,'userone','One','userone@gmail.com',0,1,'2025-03-11 21:11:09.137820','User');
INSERT INTO auth_user VALUES(5,'pbkdf2_sha256$870000$LvWGxjkNEMg4jhtkiJkz9N$mYXK29UGonisY0k8F3cY0cn6JOObwIeRwq0W8AQckbg=','2025-04-25 08:52:36.883486',0,'myphone','Brian','myphone@gmail.com',0,1,'2025-03-12 13:12:56.582055','Limo');
INSERT INTO auth_user VALUES(6,'pbkdf2_sha256$870000$eQ7VsCrJ5dLOax1AIW5UsW$AHzvfrkrhi1vzF2G+m4iLvHEhNGTydgOAEyH3NDZD1s=','2025-03-20 14:36:16.775687',0,'Tonnie','Toroitich','tonny@gmail.com',0,1,'2025-03-20 14:35:52.850189','Tonny');
INSERT INTO auth_user VALUES(7,'pbkdf2_sha256$870000$FTjdf1i4sbaElFyzA3lzmU$uDA1a+tjm94CpsvMec+v89DXr33pS8+ZzIXveQP67pk=','2025-03-20 14:36:32.962581',0,'Hansel','Ndemange','hansfidel6@gmail.com',0,1,'2025-03-20 14:36:03.362918','Hansel');
INSERT INTO auth_user VALUES(8,'pbkdf2_sha256$870000$CLNNEw8Dp1OQQIboaj84hT$Q++W2MyHlCKcfI/j67HNyOGDCKoMCBw3JY4lI7PHLzE=','2025-04-25 09:09:44.553216',0,'Kipchirchir','Kodi','collinskipchirchirkodi@gmail.com',0,1,'2025-04-25 09:09:38.159420','Collins');
INSERT INTO auth_user VALUES(9,'pbkdf2_sha256$870000$pG177oY7rF4aq5mYj5d5p3$u7c4mTE4F6jJJBZsHzagGg03wNe0Z5dgFL3vAAOGPPk=','2025-04-25 09:12:23.346593',0,'matesh','Matelong ','kipdotie@gmail.com',0,1,'2025-04-25 09:12:18.244001','Kevin');
CREATE TABLE IF NOT EXISTS "django_session" ("session_key" varchar(40) NOT NULL PRIMARY KEY, "session_data" text NOT NULL, "expire_date" datetime NOT NULL);
INSERT INTO django_session VALUES('upw31tv54x1twievxqv5r3tsz55asij7','e30:1treKz:VGZuuoTdrdyJVOgxo5tGq3uhilaroG1iYZgE8vnFXvA','2025-03-24 14:42:37.179343');
INSERT INTO django_session VALUES('t41wjppjcze4rmztw2cmx4otxdejzwlq','e30:1trf7g:Oh9FQgEalxKE96Ybam0KLU3Yt1PeI4qcPtoXJzMyk6I','2025-03-24 15:32:56.878141');
INSERT INTO django_session VALUES('yntqlb5tt0vga9r3illa9f70asmva10n','e30:1trf83:aLbYzAIEFYlOMRTHbepQr7yguBwIqGpo9kcCG1VSZsU','2025-03-24 15:33:19.751830');
INSERT INTO django_session VALUES('vqbdr4gj3qvvsauoq5oxo9u5ulx17e36','e30:1trfC0:jPwZyU0T9MUpemVEpL0TLsnZL2oAfDUmrtxStkJSSZY','2025-03-24 15:37:24.425373');
INSERT INTO django_session VALUES('resw06p2xb633o7crnh6grvey8orlbu7','.eJxVjDsOwjAQBe_iGln-rb1Q0ucM1jpe4wBypDipEHeHSCmgfTPzXiLStta4dV7ilMVFaHH63RKND247yHdqt1mOc1uXKcldkQftcpgzP6-H-3dQqddvzaQAXFBQlDU5U9GInhEMoAVjUnKhIBc6aw_GBk_Ks_HOuoLApL14fwDFHjbq:1ts1Ji:Fst-tllUkScu3NdGCJOs0soY6jC3UxBTEPQdN-sdNVk','2025-03-25 15:14:50.539435');
INSERT INTO django_session VALUES('uy8qexd81np0dua255yljn165yt5r6xl','e30:1ts29J:tsMWoipWTe7h_KtfyEIi7ZQKcMOVkDVJ5ATorsR6BqI','2025-03-25 16:08:09.276541');
INSERT INTO django_session VALUES('ffp9ror07751t7knw01c6otfezzwivbo','.eJxVjDsOwjAQBe_iGlkiXsc2JT1nsPZnHECJFCdVxN0hUgpo38y8zWRcl5rXpnMexFxMZ06_GyE_ddyBPHC8T5ancZkHsrtiD9rsbRJ9XQ_376Biq986RU7AWKh3LpEoivbRe1IMBYsXCEAQqZyBgbWwQ4ietQviQB1E8_4AHnw5OQ:1ts3Sw:dA5KKODcpj-L0qcriPgD_zdX2r_fniYrtfMwH8jheAs','2025-03-25 17:32:30.329545');
INSERT INTO django_session VALUES('er4sqfswhxa17fdcjwku5j3dr1twqyyz','.eJxVjDsOwjAQBe_iGlkiXsc2JT1nsPZnHECJFCdVxN0hUgpo38y8zWRcl5rXpnMexFxMZ06_GyE_ddyBPHC8T5ancZkHsrtiD9rsbRJ9XQ_376Biq986RU7AWKh3LpEoivbRe1IMBYsXCEAQqZyBgbWwQ4ietQviQB1E8_4AHnw5OQ:1ts3e8:exPODfyE4-d0F2OpwqueyFwrlglKnw9b68QUkgKl_6k','2025-03-25 17:44:04.707630');
INSERT INTO django_session VALUES('fvdozah2tr1ojqj05ocivjzgg9whhjda','.eJxVjEEOwiAQRe_C2hAYZkp16b5nIDNApWpoUtqV8e7apAvd_vfef6nA21rC1vISpqQuCtXpdxOOj1x3kO5cb7OOc12XSfSu6IM2PcwpP6-H-3dQuJVvLeTAWxM9c38Gh5QNOkkQwQgydjhaicIdcRYg8ZjYjb13TOB9tKTeH9fAN7I:1ts6sf:MWSj1yZ-mT_aheLILimoJtP-b2o9HKju3baWoNxub_E','2025-03-25 21:11:17.171958');
INSERT INTO django_session VALUES('fco0ijf4aooo1ipcp9p13wtdg32ejm7l','.eJxVjDsOwjAQBe_iGlkiXsc2JT1nsPZnHECJFCdVxN0hUgpo38y8zWRcl5rXpnMexFxMZ06_GyE_ddyBPHC8T5ancZkHsrtiD9rsbRJ9XQ_376Biq986RU7AWKh3LpEoivbRe1IMBYsXCEAQqZyBgbWwQ4ietQviQB1E8_4AHnw5OQ:1tsLln:irUwCF5k7z6ZhBsmIueETSDpF89M86L7y1P9nneSNuI','2025-03-26 13:05:11.344885');
INSERT INTO django_session VALUES('tzvymftwfodhw269gihfubiskh7k4nk5','.eJxVjEEOwiAQRe_C2pAOFAGX7j0DmYFBqgaS0q6Md7dNutDtf-_9twi4LiWsnecwJXERRpx-N8L45LqD9MB6bzK2uswTyV2RB-3y1hK_rof7d1Cwl60mb6wjiwOwy5Y1n4GBRg9aJcLRgdPRqYzsrVUJDAB63KBCrdOQrfh8AdzXN2w:1tsLtk:Q9-jyrImNN-ASwDDW3d8fINDZe3VzCHpdb6moxPrClc','2025-03-26 13:13:24.473279');
INSERT INTO django_session VALUES('av62v9tl6dgttzwkjjaz2rei718aif3y','.eJxVjMsOwiAQRf-FtSG8BtCle7-BwDBI1UBS2pXx322TLnR7zrn3zUJclxrWQXOYMrswy06_LEV8UttFfsR27xx7W-Yp8T3hhx381jO9rkf7d1DjqNvaURJOerAZoyFdnAFQSuiC3isUBiWALDkLbakYiwBIaKzesDZnpdjnC9TtNxI:1tvH0K:pJFy71fdVLFMIJtTAQLU8TODTFyytwnaafmH5zqEXIA','2025-04-03 14:36:16.802474');
INSERT INTO django_session VALUES('oc8v6t3dkwj3wmsxee5v45qg5jm95k0h','.eJxVjDsOwjAQBe_iGln-scaU9DmDtfaucQA5UpxUiLuTSCmgnZn33iLiutS4dp7jSOIqvDj9soT5yW0X9MB2n2Se2jKPSe6JPGyXw0T8uh3t30HFXre1BWZlnFaEZFQgS4AFsrMXDwCOU4EEjEYn7y0GY5SGjZ0LaOtsMOLzBd5sNz8:1tvH0a:joDy-74X4oyPHK00McfZxXN6yS7ihOKOGgxN9DRuNbQ','2025-04-03 14:36:32.996024');
INSERT INTO django_session VALUES('igb99y1y6zn53jklh7fwxo5e3705wx1f','.eJxVjDsOwjAQBe_iGln-rb1Q0ucM1jpe4wBypDipEHeHSCmgfTPzXiLStta4dV7ilMVFaHH63RKND247yHdqt1mOc1uXKcldkQftcpgzP6-H-3dQqddvzaQAXFBQlDU5U9GInhEMoAVjUnKhIBc6aw_GBk_Ks_HOuoLApL14fwDFHjbq:1txTQ7:2gdsWejVpGZzQd9OtcfjIrXAJ_OdJvsJcpk7_0IVvT8','2025-04-09 16:15:59.082205');
INSERT INTO django_session VALUES('6uh4vybtkcip3b3f50mwf5v16w2ovz9y','.eJxVjEEOwiAQRe_C2hAYZkp16b5nIDNApWpoUtqV8e7apAvd_vfef6nA21rC1vISpqQuCtXpdxOOj1x3kO5cb7OOc12XSfSu6IM2PcwpP6-H-3dQuJVvLeTAWxM9c38Gh5QNOkkQwQgydjhaicIdcRYg8ZjYjb13TOB9tKTeH9fAN7I:1tyTQD:hUv484w3EJBDYTmZyP7Xn0e77VKhk6qnjoiyct5dgsQ','2025-04-12 10:28:13.878186');
INSERT INTO django_session VALUES('43qu0oznp4aleo0s7fw98adiumq23gla','.eJxVjEEOwiAQRe_C2hAYZkp16b5nIDNApWpoUtqV8e7apAvd_vfef6nA21rC1vISpqQuCtXpdxOOj1x3kO5cb7OOc12XSfSu6IM2PcwpP6-H-3dQuJVvLeTAWxM9c38Gh5QNOkkQwQgydjhaicIdcRYg8ZjYjb13TOB9tKTeH9fAN7I:1tyTS8:PQ_Y9p50P2Dr3KutIZdAe8f0z_i8zTmjMbs2W7S6EMc','2025-04-12 10:30:12.489741');
INSERT INTO django_session VALUES('t4b7b6u58j3e41kmzxwsy4d4fxy9zpo0','.eJxVjDsOwjAQBe_iGln-rb1Q0ucM1jpe4wBypDipEHeHSCmgfTPzXiLStta4dV7ilMVFaHH63RKND247yHdqt1mOc1uXKcldkQftcpgzP6-H-3dQqddvzaQAXFBQlDU5U9GInhEMoAVjUnKhIBc6aw_GBk_Ks_HOuoLApL14fwDFHjbq:1u2ReL:THzB2Y1RjtkpclXG5IzAIvVMux-pbBvGUm8iGZNj6kw','2025-04-23 09:23:13.334259');
INSERT INTO django_session VALUES('ekjxzocomlehksgzx5itaxk5uzy82cwq','.eJxVjDsOwjAQBe_iGln-rb1Q0ucM1jpe4wBypDipEHeHSCmgfTPzXiLStta4dV7ilMVFaHH63RKND247yHdqt1mOc1uXKcldkQftcpgzP6-H-3dQqddvzaQAXFBQlDU5U9GInhEMoAVjUnKhIBc6aw_GBk_Ks_HOuoLApL14fwDFHjbq:1u5Kg3:XHT7x8QlY_mLhzB1oVG7ACVx8B74_Ju52UFqERGS8cA','2025-05-01 08:32:55.060150');
INSERT INTO django_session VALUES('s5b4weh1yhs4qw0yiuw1u05ctv0qx337','.eJxVjEEOwiAQRe_C2pAOFAGX7j0DmYFBqgaS0q6Md7dNutDtf-_9twi4LiWsnecwJXERRpx-N8L45LqD9MB6bzK2uswTyV2RB-3y1hK_rof7d1Cwl60mb6wjiwOwy5Y1n4GBRg9aJcLRgdPRqYzsrVUJDAB63KBCrdOQrfh8AdzXN2w:1u6sqw:Nx1_uLzrUI52KuWZc9yFsha2ePXuZvrk_5aD0VRnuQY','2025-05-05 15:14:34.822295');
INSERT INTO django_session VALUES('2e3l5gbsr7zxdvhl5d275i27lfngxzps','.eJxVjDsOwjAQBe_iGlkiXsc2JT1nsPZnHECJFCdVxN0hUgpo38y8zWRcl5rXpnMexFxMZ06_GyE_ddyBPHC8T5ancZkHsrtiD9rsbRJ9XQ_376Biq986RU7AWKh3LpEoivbRe1IMBYsXCEAQqZyBgbWwQ4ietQviQB1E8_4AHnw5OQ:1u7x47:d_D4oIJulwgSFAFQaLydgf7O-a9NFJhggtnvMUjgg7Q','2025-05-08 13:56:35.146912');
INSERT INTO django_session VALUES('cccaf06kn2j2swymlcnaozvpawvdvr95','.eJxVjDsOwjAQBe_iGlkiXsc2JT1nsPZnHECJFCdVxN0hUgpo38y8zWRcl5rXpnMexFxMZ06_GyE_ddyBPHC8T5ancZkHsrtiD9rsbRJ9XQ_376Biq986RU7AWKh3LpEoivbRe1IMBYsXCEAQqZyBgbWwQ4ietQviQB1E8_4AHnw5OQ:1u7x4Z:UbMxbauzeY0IVLs1f4154IazibQBVNxXrlNgujJld8A','2025-05-08 13:57:03.367932');
INSERT INTO django_session VALUES('qiq5q2urpgd4rvm9n8ki9ol9nfd3r0nk','.eJxVjDsOwjAQBe_iGlkiXsc2JT1nsPZnHECJFCdVxN0hUgpo38y8zWRcl5rXpnMexFxMZ06_GyE_ddyBPHC8T5ancZkHsrtiD9rsbRJ9XQ_376Biq986RU7AWKh3LpEoivbRe1IMBYsXCEAQqZyBgbWwQ4ietQviQB1E8_4AHnw5OQ:1u7xFY:9pTJWQVDUO4WwM9103Yeq4Jmxs4RNvkywBNM-JZi3VU','2025-05-08 14:08:24.037037');
INSERT INTO django_session VALUES('0yqa0mips5duszbfosfvicl3cnl0shpo','.eJxVjDsOwjAQBe_iGlkiXsc2JT1nsPZnHECJFCdVxN0hUgpo38y8zWRcl5rXpnMexFxMZ06_GyE_ddyBPHC8T5ancZkHsrtiD9rsbRJ9XQ_376Biq986RU7AWKh3LpEoivbRe1IMBYsXCEAQqZyBgbWwQ4ietQviQB1E8_4AHnw5OQ:1u8DbD:kgt2MHScwQk_CKx2NGFnrlworFaMV6ZZjxj8wnPo71M','2025-05-09 07:35:51.519521');
INSERT INTO django_session VALUES('i4cdx1gh5thitqu6thv4ziyxmlsprxny','.eJxVjEEOwiAQRe_C2pAOFAGX7j0DmYFBqgaS0q6Md7dNutDtf-_9twi4LiWsnecwJXERRpx-N8L45LqD9MB6bzK2uswTyV2RB-3y1hK_rof7d1Cwl60mb6wjiwOwy5Y1n4GBRg9aJcLRgdPRqYzsrVUJDAB63KBCrdOQrfh8AdzXN2w:1u8EnU:lz79PJs1iTsd0lWjaIRjmjEMwzgXoDHs-RI6pSBNEQM','2025-05-09 08:52:36.908679');
INSERT INTO django_session VALUES('z6g117mf7knggjejuy1gwoa0qd9elsl6','.eJxVjMEOwiAQRP-FsyGLFAWP3vsNhIVdqRpISnsy_ntL0oMeZ96b-Qgf1iX7tdHspyRuworTb4chvqh0kJ6hPKqMtSzzhLIr8qBNjjXR-364fwc5tLyvz8ygCSAYFXEge3HGMjg2mpNS1l4RlcGegNCl6JDIOM0DRUBgJb4b8Wo4mQ:1u8F44:mToPEFdxO0YBd59r5JrqRZxfk_ysOxuV6zrg23qb8Ew','2025-05-09 09:09:44.571167');
INSERT INTO django_session VALUES('h5i7rggg72rwegslfyebomzgsj9waku6','.eJxVjDsOwjAQBe_iGlkmrH-U9Jwh2vWucQDZUpxUiLtDpBTQvpl5LzXiupRx7TKPE6uziurwuxGmh9QN8B3rrenU6jJPpDdF77Tra2N5Xnb376BgL9_asxfHBEBoMCWWbIxg8DYCuTQEBPRswQ5wOmYyzMZnCz45CzmSC-r9AQ7NOGw:1u8F6d:yr_8BAqPCWPrpUwzzhTEN1j-Eq0EE7zIOmBmgViygqA','2025-05-09 09:12:23.376512');
INSERT INTO django_session VALUES('l9ta9zolkyd5t1ooigh410hmqmqc89on','.eJxVjDsOwjAQBe_iGlkiXsc2JT1nsPZnHECJFCdVxN0hUgpo38y8zWRcl5rXpnMexFxMZ06_GyE_ddyBPHC8T5ancZkHsrtiD9rsbRJ9XQ_376Biq986RU7AWKh3LpEoivbRe1IMBYsXCEAQqZyBgbWwQ4ietQviQB1E8_4AHnw5OQ:1u8FEr:grqNeIqU-0trjB7UD1X5wyDo_2QCfQzn5nxVgw6B290','2025-05-09 09:20:53.844308');
CREATE TABLE IF NOT EXISTS "accounts_interest" ("id" integer NOT NULL PRIMARY KEY AUTOINCREMENT, "name" varchar(50) NOT NULL UNIQUE, "description" text NULL, "created_at" datetime NOT NULL);
INSERT INTO accounts_interest VALUES(7,'Photography','likes photograpy','2025-03-11 14:42:17.494307');
INSERT INTO accounts_interest VALUES(8,'Cooking','Like cooking stuff','2025-03-11 14:43:06.517106');
INSERT INTO accounts_interest VALUES(10,'swimmming','dzdzdfsfb gyuuuuuuu uuuuyyuu','2025-03-11 15:09:47.665333');
CREATE TABLE IF NOT EXISTS "accounts_interest_related_interests" ("id" integer NOT NULL PRIMARY KEY AUTOINCREMENT, "from_interest_id" bigint NOT NULL REFERENCES "accounts_interest" ("id") DEFERRABLE INITIALLY DEFERRED, "to_interest_id" bigint NOT NULL REFERENCES "accounts_interest" ("id") DEFERRABLE INITIALLY DEFERRED);
CREATE TABLE IF NOT EXISTS "accounts_userprofile_interests" ("id" integer NOT NULL PRIMARY KEY AUTOINCREMENT, "userprofile_id" bigint NOT NULL REFERENCES "accounts_userprofile" ("id") DEFERRABLE INITIALLY DEFERRED, "interest_id" bigint NOT NULL REFERENCES "accounts_interest" ("id") DEFERRABLE INITIALLY DEFERRED);
INSERT INTO accounts_userprofile_interests VALUES(1,2,10);
INSERT INTO accounts_userprofile_interests VALUES(2,2,7);
INSERT INTO accounts_userprofile_interests VALUES(3,4,8);
INSERT INTO accounts_userprofile_interests VALUES(4,4,7);
INSERT INTO accounts_userprofile_interests VALUES(5,5,8);
INSERT INTO accounts_userprofile_interests VALUES(6,5,10);
INSERT INTO accounts_userprofile_interests VALUES(7,6,7);
INSERT INTO accounts_userprofile_interests VALUES(8,7,10);
INSERT INTO accounts_userprofile_interests VALUES(9,8,10);
INSERT INTO accounts_userprofile_interests VALUES(10,9,10);
CREATE TABLE IF NOT EXISTS "myvibeapp_post" ("id" integer NOT NULL PRIMARY KEY AUTOINCREMENT, "description" text NOT NULL, "created_at" datetime NOT NULL, "updated_at" datetime NOT NULL, "privacy" varchar(10) NOT NULL, "location" varchar(100) NOT NULL, "latitude" real NULL, "longitude" real NULL, "is_active" bool NOT NULL, "total_likes" integer unsigned NOT NULL CHECK ("total_likes" >= 0), "total_comments" integer unsigned NOT NULL CHECK ("total_comments" >= 0), "total_shares" integer unsigned NOT NULL CHECK ("total_shares" >= 0), "total_views" integer unsigned NOT NULL CHECK ("total_views" >= 0), "user_id" integer NOT NULL REFERENCES "auth_user" ("id") DEFERRABLE INITIALLY DEFERRED);
INSERT INTO myvibeapp_post VALUES(1,'Making some toats today','2025-03-11 22:00:17.678051','2025-03-11 22:00:17.678051','public','',NULL,NULL,1,0,0,0,0,2);
INSERT INTO myvibeapp_post VALUES(2,'Doing photoshoots today, any one?','2025-03-12 08:51:32.810750','2025-03-29 10:02:26.698636','public','Kabianga',NULL,NULL,1,0,2,0,0,2);
INSERT INTO myvibeapp_post VALUES(3,'I have chosen all interests','2025-03-12 08:59:41.264595','2025-03-29 11:07:32.367545','public','Chepnyogaa',NULL,NULL,1,0,2,0,0,2);
INSERT INTO myvibeapp_post VALUES(4,'Come all','2025-03-12 09:18:18.516235','2025-03-28 20:11:31.461736','public','Muhoroni-Fort Ternan-Londiani Rd., Londiani Junction, Londiani, Kedowa/Kimugul ward, Kipkelion East, Kericho County, Rift Valley, Kenya',-0.176414989515796621,35.6176301017464638,1,0,2,0,0,2);
INSERT INTO myvibeapp_post VALUES(5,replace(replace('Guys, look at this\r\nWe are coming to perform music','\r',char(13)),'\n',char(10)),'2025-03-12 13:15:10.311046','2025-03-28 20:04:57.792268','public','Kipchimchim ward, Ainamoi, Kericho County, Rift Valley, Kenya',-0.313723901662145865,35.2593898777558933,1,0,6,0,0,5);
INSERT INTO myvibeapp_post VALUES(6,'Hello everyone','2025-03-12 14:17:27.230401','2025-03-12 14:17:27.230401','public','Central Marsabit, Saku, Marsabit County, Eastern, 60500, Kenya',2.54483258708710469,37.831961578048066,1,0,0,0,0,2);
INSERT INTO myvibeapp_post VALUES(7,'Monday moods','2025-03-20 14:38:33.719503','2025-03-29 14:13:39.751722','public','Simat/, Kapseret, Uasin Gishu County, Rift Valley, Kenya',0.465083230226823574,35.2258300222456526,1,0,10,0,0,5);
INSERT INTO myvibeapp_post VALUES(8,'Vice-chair mama county and the entire great  outgoing team, for your tireless efforts and outstanding leadership. Your hard work, alongside your incredible team, ensured the success of our SGC leaders. As you step down, may the Lord’s blessings guide you in all your future endeavors. We are truly grateful for all you''ve done','2025-03-29 14:34:08.077230','2025-04-09 09:11:14.796481','public','Roret, Bureti, Kericho County, Rift Valley, Kenya',-0.461640989498021736,35.1182628232763534,1,0,3,0,0,1);
INSERT INTO myvibeapp_post VALUES(9,'Safari rally','2025-04-09 09:50:29.790869','2025-04-09 17:27:47.943886','public','Pcea, Lake View ward, Naivasha, Nakuru, Rift Valley, Kenya',-0.72107318188059144,36.4391326869372349,1,0,3,0,0,4);
INSERT INTO myvibeapp_post VALUES(10,'I am awarding top 5 of my followers','2025-04-18 11:31:48.465359','2025-04-18 11:31:48.465359','public','Kabianga ward, Belgut, Kericho County, Rift Valley, Kenya',-0.44799729452393433,35.1434955038878982,1,0,0,0,0,2);
INSERT INTO myvibeapp_post VALUES(11,'A good mood today','2025-04-20 09:02:35.662958','2025-04-20 09:02:35.662958','private','B6, Jamji, Chaik ward, Belgut, Kericho County, Rift Valley, Kenya',-0.46444193619782248,35.179726972304806,1,0,0,0,0,1);
INSERT INTO myvibeapp_post VALUES(12,'Going out on a tour','2025-04-25 20:19:01.455418','2025-04-25 20:19:01.455418','public','Kabianga ward, Belgut, Kericho County, Rift Valley, Kenya',-0.432731499999999991,35.1296637000000018,1,0,0,0,0,2);
INSERT INTO myvibeapp_post VALUES(13,'Going for a tour','2025-04-25 20:23:58.569442','2025-04-25 20:23:58.569442','public','Kabianga ward, Belgut, Kericho County, Rift Valley, Kenya',-0.432731499999999991,35.1296637000000018,1,0,0,0,0,2);
CREATE TABLE IF NOT EXISTS "myvibeapp_post_interests" ("id" integer NOT NULL PRIMARY KEY AUTOINCREMENT, "post_id" bigint NOT NULL REFERENCES "myvibeapp_post" ("id") DEFERRABLE INITIALLY DEFERRED, "interest_id" bigint NOT NULL REFERENCES "accounts_interest" ("id") DEFERRABLE INITIALLY DEFERRED);
INSERT INTO myvibeapp_post_interests VALUES(1,13,8);
INSERT INTO myvibeapp_post_interests VALUES(2,13,10);
INSERT INTO myvibeapp_post_interests VALUES(3,13,7);
CREATE TABLE IF NOT EXISTS "myvibeapp_post_likes" ("id" integer NOT NULL PRIMARY KEY AUTOINCREMENT, "post_id" bigint NOT NULL REFERENCES "myvibeapp_post" ("id") DEFERRABLE INITIALLY DEFERRED, "user_id" integer NOT NULL REFERENCES "auth_user" ("id") DEFERRABLE INITIALLY DEFERRED);
CREATE TABLE IF NOT EXISTS "myvibeapp_media" ("id" integer NOT NULL PRIMARY KEY AUTOINCREMENT, "file" varchar(100) NOT NULL, "media_type" varchar(5) NOT NULL, "order" smallint unsigned NOT NULL CHECK ("order" >= 0), "thumbnail" varchar(100) NOT NULL, "created_at" datetime NOT NULL, "post_id" bigint NOT NULL REFERENCES "myvibeapp_post" ("id") DEFERRABLE INITIALLY DEFERRED);
INSERT INTO myvibeapp_media VALUES(1,'posts/media/github2.jpg','image',0,'','2025-03-12 08:51:32.834905',2);
INSERT INTO myvibeapp_media VALUES(2,'posts/media/benedicto.jpg','image',0,'','2025-03-12 08:59:41.274212',3);
INSERT INTO myvibeapp_media VALUES(3,'posts/media/mercy.jpg','image',0,'','2025-03-12 09:18:18.534185',4);
INSERT INTO myvibeapp_media VALUES(4,'posts/media/YAP_0184.JPG','image',0,'','2025-03-12 13:15:10.373547',5);
INSERT INTO myvibeapp_media VALUES(5,'posts/media/blog_views.png','image',0,'','2025-03-12 14:17:27.247480',6);
INSERT INTO myvibeapp_media VALUES(6,'posts/media/IMG_20250318_172108_502.jpg','image',0,'','2025-03-20 14:38:33.806221',7);
INSERT INTO myvibeapp_media VALUES(7,'posts/media/IMG_20250406_133859_098.jpg','image',0,'','2025-04-09 09:50:29.862770',9);
INSERT INTO myvibeapp_media VALUES(8,'posts/media/my_video.mp4','video',0,'','2025-04-18 11:31:48.503257',10);
INSERT INTO myvibeapp_media VALUES(9,'posts/media/team-1.jpg','image',0,'','2025-04-20 09:02:35.676914',11);
INSERT INTO myvibeapp_media VALUES(10,'posts/media/github.jpg','image',0,'','2025-04-25 20:23:58.595373',13);
CREATE TABLE IF NOT EXISTS "myvibeapp_comment" ("id" integer NOT NULL PRIMARY KEY AUTOINCREMENT, "text" text NOT NULL, "created_at" datetime NOT NULL, "updated_at" datetime NOT NULL, "is_active" bool NOT NULL, "parent_comment_id" bigint NULL REFERENCES "myvibeapp_comment" ("id") DEFERRABLE INITIALLY DEFERRED, "user_id" integer NOT NULL REFERENCES "auth_user" ("id") DEFERRABLE INITIALLY DEFERRED, "post_id" bigint NOT NULL REFERENCES "myvibeapp_post" ("id") DEFERRABLE INITIALLY DEFERRED);
INSERT INTO myvibeapp_comment VALUES(1,'It looks nice, how much?','2025-03-27 11:51:11.732558','2025-03-27 11:51:11.732558',1,NULL,1,7);
INSERT INTO myvibeapp_comment VALUES(2,'It looks nice, how much?','2025-03-27 11:51:12.496279','2025-03-27 11:51:12.496279',1,NULL,1,7);
INSERT INTO myvibeapp_comment VALUES(3,'It looks nice, how much?','2025-03-27 11:51:12.910257','2025-03-27 11:51:12.910257',1,NULL,1,7);
INSERT INTO myvibeapp_comment VALUES(4,'It looks nice, how much?','2025-03-27 11:51:13.273039','2025-03-27 11:51:13.273039',1,NULL,1,7);
INSERT INTO myvibeapp_comment VALUES(5,'It looks nice, how much?','2025-03-27 11:51:14.249211','2025-03-27 11:51:14.249211',1,NULL,1,7);
INSERT INTO myvibeapp_comment VALUES(6,'It looks nice, how much?','2025-03-27 12:00:30.434696','2025-03-27 12:00:30.434696',1,NULL,1,6);
INSERT INTO myvibeapp_comment VALUES(7,'It looks nice, how much?','2025-03-27 12:00:31.000693','2025-03-27 12:00:31.000693',1,NULL,1,6);
INSERT INTO myvibeapp_comment VALUES(8,'It looks nice, how much?','2025-03-27 12:00:31.323025','2025-03-27 12:00:31.323025',1,NULL,1,6);
INSERT INTO myvibeapp_comment VALUES(9,'It looks nice, how much?','2025-03-27 12:00:31.648000','2025-03-27 12:00:31.648000',1,NULL,1,6);
INSERT INTO myvibeapp_comment VALUES(10,'It looks nice, how much?','2025-03-27 12:00:31.904859','2025-03-27 12:00:31.904859',1,NULL,1,6);
INSERT INTO myvibeapp_comment VALUES(11,'It looks nice, how much?','2025-03-27 12:00:32.143356','2025-03-27 12:00:32.143356',1,NULL,1,6);
INSERT INTO myvibeapp_comment VALUES(12,'It looks nice, how much?','2025-03-27 12:00:32.496853','2025-03-27 12:00:32.496853',1,NULL,1,6);
INSERT INTO myvibeapp_comment VALUES(13,'It looks nice, how much?','2025-03-27 12:00:33.071488','2025-03-27 12:00:33.071488',1,NULL,1,6);
INSERT INTO myvibeapp_comment VALUES(14,'Yoh, ukoje','2025-03-27 12:01:12.714092','2025-03-27 12:01:12.714092',1,NULL,1,5);
INSERT INTO myvibeapp_comment VALUES(15,'It looks nice, how much?','2025-03-27 12:24:15.276302','2025-03-27 12:24:15.276302',1,NULL,1,5);
INSERT INTO myvibeapp_comment VALUES(16,'Yoh, ukoje','2025-03-27 13:02:21.716419','2025-03-27 13:02:21.716419',1,NULL,1,5);
INSERT INTO myvibeapp_comment VALUES(17,'Yoh, ukoje','2025-03-27 13:02:27.578195','2025-03-27 13:02:27.578195',1,NULL,1,5);
INSERT INTO myvibeapp_comment VALUES(18,'It looks nice, how much?','2025-03-27 13:03:04.563865','2025-03-27 13:03:04.563865',1,NULL,1,5);
INSERT INTO myvibeapp_comment VALUES(19,'Good job uncle','2025-03-27 13:13:04.280163','2025-03-27 13:13:04.280163',1,NULL,1,7);
INSERT INTO myvibeapp_comment VALUES(20,'Broooo','2025-03-28 19:53:41.996182','2025-03-28 19:53:41.996182',1,NULL,1,7);
INSERT INTO myvibeapp_comment VALUES(21,'Congratulations','2025-03-28 20:04:57.775579','2025-03-28 20:04:57.775579',1,NULL,1,5);
INSERT INTO myvibeapp_comment VALUES(22,'Good one','2025-03-28 20:07:24.754205','2025-03-28 20:07:24.754205',1,NULL,1,4);
INSERT INTO myvibeapp_comment VALUES(23,'Congratulations','2025-03-28 20:11:31.448867','2025-03-28 20:11:31.448867',1,NULL,1,4);
INSERT INTO myvibeapp_comment VALUES(24,'Broooo','2025-03-28 20:18:51.223741','2025-03-28 20:18:51.224740',1,NULL,1,3);
INSERT INTO myvibeapp_comment VALUES(25,'Good job uncle','2025-03-28 20:20:12.164327','2025-03-28 20:20:12.164327',1,NULL,1,2);
INSERT INTO myvibeapp_comment VALUES(26,'yoh','2025-03-29 10:00:43.965714','2025-03-29 10:00:43.965714',1,NULL,1,7);
INSERT INTO myvibeapp_comment VALUES(27,'How much for a photo','2025-03-29 10:02:26.674699','2025-03-29 10:02:26.674699',1,NULL,1,2);
INSERT INTO myvibeapp_comment VALUES(28,'Good one','2025-03-29 10:21:49.067404','2025-03-29 10:21:49.067404',1,NULL,1,7);
INSERT INTO myvibeapp_comment VALUES(29,'Thank bro','2025-03-29 11:07:32.349043','2025-03-29 11:07:32.349043',1,NULL,4,3);
INSERT INTO myvibeapp_comment VALUES(30,'Fafafa','2025-03-29 14:13:39.733093','2025-03-29 14:13:39.733093',1,NULL,4,7);
INSERT INTO myvibeapp_comment VALUES(31,'Good job uncle','2025-03-29 14:34:33.555146','2025-03-29 14:34:33.555146',1,NULL,1,8);
INSERT INTO myvibeapp_comment VALUES(32,'Good job uncle','2025-03-31 11:03:12.309622','2025-03-31 11:03:12.309622',1,NULL,1,8);
INSERT INTO myvibeapp_comment VALUES(33,'I will be available','2025-04-09 09:11:14.777543','2025-04-09 09:11:14.778557',1,NULL,4,8);
INSERT INTO myvibeapp_comment VALUES(34,'Cool yo','2025-04-09 09:50:55.167964','2025-04-09 09:50:55.168960',1,NULL,4,9);
INSERT INTO myvibeapp_comment VALUES(35,'Hi','2025-04-09 09:51:10.739326','2025-04-09 09:51:10.739326',1,NULL,4,9);
INSERT INTO myvibeapp_comment VALUES(36,'Gugcjjgy','2025-04-09 17:27:47.920979','2025-04-09 17:27:47.920979',1,NULL,4,9);
INSERT INTO myvibeapp_comment VALUES(37,'Hello','2025-04-18 10:57:17.464234','2025-04-18 10:57:17.464234',1,NULL,5,8);
INSERT INTO myvibeapp_comment VALUES(38,'Hello','2025-04-18 10:57:17.467271','2025-04-18 10:57:17.467271',1,NULL,5,8);
INSERT INTO myvibeapp_comment VALUES(39,'Thanks bro','2025-04-18 10:57:50.640577','2025-04-18 10:57:50.640577',1,NULL,5,8);
INSERT INTO myvibeapp_comment VALUES(40,'Thanks bro','2025-04-18 10:57:50.641574','2025-04-18 10:57:50.641574',1,NULL,5,8);
INSERT INTO myvibeapp_comment VALUES(41,'Wgere can I get one','2025-04-18 11:07:40.707505','2025-04-18 11:07:40.707505',1,NULL,5,7);
INSERT INTO myvibeapp_comment VALUES(42,'I am on my way','2025-04-18 11:16:02.157855','2025-04-18 11:16:02.157855',1,NULL,5,9);
INSERT INTO myvibeapp_comment VALUES(43,'Where are you','2025-04-20 08:56:36.869759','2025-04-20 08:56:36.869759',1,NULL,2,1);
INSERT INTO myvibeapp_comment VALUES(44,'👋 yoo','2025-04-25 07:21:55.409737','2025-04-25 07:21:55.409737',1,NULL,2,10);
INSERT INTO myvibeapp_comment VALUES(45,'I like this','2025-04-25 20:32:14.726813','2025-04-25 20:32:14.726813',1,NULL,5,13);
CREATE TABLE IF NOT EXISTS "myvibeapp_share" ("id" integer NOT NULL PRIMARY KEY AUTOINCREMENT, "shared_at" datetime NOT NULL, "caption" text NOT NULL, "original_post_id" bigint NOT NULL REFERENCES "myvibeapp_post" ("id") DEFERRABLE INITIALLY DEFERRED, "user_id" integer NOT NULL REFERENCES "auth_user" ("id") DEFERRABLE INITIALLY DEFERRED);
CREATE TABLE IF NOT EXISTS "myvibeapp_view" ("id" integer NOT NULL PRIMARY KEY AUTOINCREMENT, "viewed_at" datetime NOT NULL, "ip_address" char(39) NOT NULL, "post_id" bigint NOT NULL REFERENCES "myvibeapp_post" ("id") DEFERRABLE INITIALLY DEFERRED, "user_id" integer NULL REFERENCES "auth_user" ("id") DEFERRABLE INITIALLY DEFERRED);
CREATE TABLE IF NOT EXISTS "taggit_taggeditem" ("id" integer NOT NULL PRIMARY KEY AUTOINCREMENT, "object_id" integer NOT NULL, "content_type_id" integer NOT NULL REFERENCES "django_content_type" ("id") DEFERRABLE INITIALLY DEFERRED, "tag_id" integer NOT NULL REFERENCES "taggit_tag" ("id") DEFERRABLE INITIALLY DEFERRED, CONSTRAINT "taggit_taggeditem_content_type_id_object_id_tag_id_4bb97a8e_uniq" UNIQUE ("content_type_id", "object_id", "tag_id"));
CREATE TABLE IF NOT EXISTS "taggit_tag" ("id" integer NOT NULL PRIMARY KEY AUTOINCREMENT, "name" varchar(100) NOT NULL UNIQUE, "slug" varchar(100) NOT NULL UNIQUE);
CREATE TABLE IF NOT EXISTS "events_event" ("id" integer NOT NULL PRIMARY KEY AUTOINCREMENT, "title" varchar(200) NOT NULL, "description" text NOT NULL, "start_time" datetime NOT NULL, "end_time" datetime NOT NULL, "venue_name" varchar(100) NOT NULL, "latitude" decimal NOT NULL, "longitude" decimal NOT NULL, "max_attendees" integer unsigned NOT NULL CHECK ("max_attendees" >= 0), "price" decimal NOT NULL, "registration_deadline" datetime NOT NULL, "is_public" bool NOT NULL, "category" varchar(20) NOT NULL, "created_at" datetime NOT NULL, "updated_at" datetime NOT NULL, "creator_id" integer NOT NULL REFERENCES "auth_user" ("id") DEFERRABLE INITIALLY DEFERRED);
INSERT INTO events_event VALUES(1,'BOOTCAMP','Lorem Ipsum is simply dummy text of the printing and typesetting industry. Lorem Ipsum has been the industry''s standard dummy text ever since the 1500s, when an unknown printer took a galley of type and scrambled it to make a type specimen book. It has survived not only five centuries, but also the leap into electronic typesetting, remaining essentially unchanged. It was popularised in the 1960s with the release of Letraset sheets containing Lorem Ipsum passages, and more recently with desktop publishing software like Aldus PageMaker including versions of Lorem Ipsum','2025-03-15 11:18:00','2025-03-21 11:18:00','Ngong grounds',-1.2461629999999999,36.8826499999999981,100,0,'2025-03-07 11:19:00',1,'social','2025-03-13 18:20:03.642249','2025-03-13 18:20:03.642249',2);
INSERT INTO events_event VALUES(2,'Huawei Program ','Huawei','2025-03-20 17:42:00','2025-03-20 21:42:00','Kabianga ',-0.956566999999999945,37.0360140000000015,50,0,'2025-04-20 17:43:00',1,'conference','2025-03-20 14:45:32.171860','2025-03-20 14:45:32.171860',5);
INSERT INTO events_event VALUES(3,'Photography session','All photographers are welcomed','2025-04-10 09:53:00','2025-04-02 09:56:00','Miami club',-1.33566099999999998,36.7347469999999987,30,500,'2025-04-10 09:55:00',1,'social','2025-04-02 06:56:45.863434','2025-04-02 06:56:45.863434',1);
INSERT INTO events_event VALUES(4,'Techlit Africa','These industry-specific conferences are where you bring together experts and professionals who live and breathe a particular tech sector. You''ll find in-depth discussions, case studies, and presentations on the latest advancements.','2025-04-23 20:43:00','2025-04-25 20:43:00','City hall',-1.2461629999999999,36.8826499999999981,1000,0,'2025-04-10 20:46:00',1,'conference','2025-04-20 17:47:51.167852','2025-04-21 18:04:27.261151',1);
INSERT INTO events_event VALUES(5,'Home coming ceremony','Chill and vibes','2025-04-25 17:00:00','2025-04-25 23:30:00','Kabianga market, the bee',-1.286389,36.8172229999999984,1000,0,'2025-04-25 13:26:00',1,'workshop','2025-04-25 10:19:07.009366','2025-04-25 10:19:07.009366',8);
CREATE TABLE IF NOT EXISTS "events_event_interests" ("id" integer NOT NULL PRIMARY KEY AUTOINCREMENT, "event_id" bigint NOT NULL REFERENCES "events_event" ("id") DEFERRABLE INITIALLY DEFERRED, "interest_id" bigint NOT NULL REFERENCES "accounts_interest" ("id") DEFERRABLE INITIALLY DEFERRED);
INSERT INTO events_event_interests VALUES(1,1,8);
INSERT INTO events_event_interests VALUES(2,1,7);
INSERT INTO events_event_interests VALUES(3,2,8);
INSERT INTO events_event_interests VALUES(4,2,7);
INSERT INTO events_event_interests VALUES(5,3,7);
INSERT INTO events_event_interests VALUES(6,4,8);
INSERT INTO events_event_interests VALUES(7,4,7);
INSERT INTO events_event_interests VALUES(8,5,10);
CREATE TABLE IF NOT EXISTS "events_attendance" ("id" integer NOT NULL PRIMARY KEY AUTOINCREMENT, "external_guest" varchar(255) NOT NULL, "status" varchar(20) NOT NULL, "registration_date" datetime NOT NULL, "check_in_time" datetime NULL, "user_id" integer NULL REFERENCES "auth_user" ("id") DEFERRABLE INITIALLY DEFERRED, "event_id" bigint NOT NULL REFERENCES "events_event" ("id") DEFERRABLE INITIALLY DEFERRED);
INSERT INTO events_attendance VALUES(1,'','attending','2025-03-13 18:20:03.717335',NULL,1,1);
INSERT INTO events_attendance VALUES(2,'','attending','2025-03-13 18:20:03.737626',NULL,4,1);
INSERT INTO events_attendance VALUES(3,'','invited','2025-03-13 18:20:03.754806',NULL,5,1);
INSERT INTO events_attendance VALUES(4,'Dr Peter Kemboi','invited','2025-03-13 18:20:03.766071',NULL,NULL,1);
INSERT INTO events_attendance VALUES(5,'Dr Pieere Makena','invited','2025-03-13 18:20:03.774073',NULL,NULL,1);
INSERT INTO events_attendance VALUES(6,'','invited','2025-03-20 14:45:32.355011',NULL,1,2);
INSERT INTO events_attendance VALUES(7,'','invited','2025-03-20 14:45:32.365060',NULL,2,2);
INSERT INTO events_attendance VALUES(8,'','invited','2025-03-20 14:45:32.382592',NULL,3,2);
INSERT INTO events_attendance VALUES(9,'','invited','2025-03-20 14:45:32.399113',NULL,6,2);
INSERT INTO events_attendance VALUES(10,'','invited','2025-03-20 14:45:32.416186',NULL,7,2);
INSERT INTO events_attendance VALUES(11,'John doe','invited','2025-03-20 14:45:32.426943',NULL,NULL,2);
INSERT INTO events_attendance VALUES(12,'Nancy','invited','2025-03-20 14:45:32.435442',NULL,NULL,2);
INSERT INTO events_attendance VALUES(13,'Ester','invited','2025-03-20 14:45:32.443876',NULL,NULL,2);
INSERT INTO events_attendance VALUES(14,'','invited','2025-04-02 06:56:45.959691',NULL,2,3);
INSERT INTO events_attendance VALUES(15,'','attending','2025-04-02 06:56:45.973652',NULL,4,3);
INSERT INTO events_attendance VALUES(16,'','invited','2025-04-02 06:56:45.989610',NULL,6,3);
INSERT INTO events_attendance VALUES(17,'','invited','2025-04-02 06:56:46.011552',NULL,7,3);
INSERT INTO events_attendance VALUES(18,'','attending','2025-04-02 10:49:09.085113',NULL,1,3);
INSERT INTO events_attendance VALUES(19,'','attending','2025-04-17 09:10:23.329397',NULL,5,2);
INSERT INTO events_attendance VALUES(20,'','invited','2025-04-20 17:47:51.265592',NULL,2,4);
INSERT INTO events_attendance VALUES(21,'','invited','2025-04-20 17:47:51.274565',NULL,3,4);
INSERT INTO events_attendance VALUES(22,'','invited','2025-04-20 17:47:51.291520',NULL,5,4);
INSERT INTO events_attendance VALUES(23,'','invited','2025-04-20 17:47:51.306480',NULL,6,4);
INSERT INTO events_attendance VALUES(24,'','invited','2025-04-20 17:47:51.321440',NULL,7,4);
INSERT INTO events_attendance VALUES(25,'','invited','2025-04-25 10:19:07.047265',NULL,1,5);
INSERT INTO events_attendance VALUES(26,'','invited','2025-04-25 10:19:07.062228',NULL,9,5);
CREATE TABLE IF NOT EXISTS "events_eventcomment" ("id" integer NOT NULL PRIMARY KEY AUTOINCREMENT, "content" text NOT NULL, "created_at" datetime NOT NULL, "updated_at" datetime NOT NULL, "event_id" bigint NOT NULL REFERENCES "events_event" ("id") DEFERRABLE INITIALLY DEFERRED, "parent_comment_id" bigint NULL REFERENCES "events_eventcomment" ("id") DEFERRABLE INITIALLY DEFERRED, "user_id" integer NOT NULL REFERENCES "auth_user" ("id") DEFERRABLE INITIALLY DEFERRED);
INSERT INTO events_eventcomment VALUES(1,'Wow, I make sure to attend','2025-04-02 09:53:59.645107','2025-04-02 09:53:59.645107',1,NULL,1);
INSERT INTO events_eventcomment VALUES(2,replace(replace('Will make sure to attend\r\n','\r',char(13)),'\n',char(10)),'2025-04-02 10:42:36.125950','2025-04-02 10:42:36.125950',3,NULL,1);
INSERT INTO events_eventcomment VALUES(3,'hello','2025-04-02 12:23:25.750711','2025-04-02 12:23:25.750711',3,NULL,1);
INSERT INTO events_eventcomment VALUES(4,'Can''t wait to be there','2025-04-02 13:09:12.607578','2025-04-02 13:09:12.607578',1,NULL,4);
INSERT INTO events_eventcomment VALUES(5,'comming too','2025-04-02 13:10:43.426931','2025-04-02 13:10:43.426931',1,NULL,1);
INSERT INTO events_eventcomment VALUES(6,'Mark me present ','2025-04-09 09:13:42.116957','2025-04-09 09:13:42.116957',3,NULL,4);
INSERT INTO events_eventcomment VALUES(7,'Wow, nice venue','2025-04-20 16:29:56.343213','2025-04-20 16:29:56.343213',1,NULL,1);
INSERT INTO events_eventcomment VALUES(8,'Hello, Am not gonna miss out on this','2025-04-21 17:29:36.436871','2025-04-21 17:29:36.436871',4,NULL,2);
CREATE TABLE IF NOT EXISTS "events_eventimage" ("id" integer NOT NULL PRIMARY KEY AUTOINCREMENT, "image" varchar(100) NOT NULL, "caption" varchar(200) NOT NULL, "is_primary" bool NOT NULL, "uploaded_at" datetime NOT NULL, "event_id" bigint NOT NULL REFERENCES "events_event" ("id") DEFERRABLE INITIALLY DEFERRED);
INSERT INTO events_eventimage VALUES(1,'event_images/hoyline_cropped.jpg','',1,'2025-03-13 18:20:03.687853',1);
INSERT INTO events_eventimage VALUES(2,'event_images/Villy.jpg','',0,'2025-03-13 18:20:03.701370',1);
INSERT INTO events_eventimage VALUES(5,'event_images/IMG_20250319_113548_992.jpg','',0,'2025-03-20 14:45:32.343435',2);
INSERT INTO events_eventimage VALUES(6,'event_images/IMG_20231027_162653_985.jpg','',1,'2025-04-02 06:56:45.913314',3);
INSERT INTO events_eventimage VALUES(8,'event_images/child-cholera.webp','',1,'2025-04-20 17:47:51.229686',4);
INSERT INTO events_eventimage VALUES(9,'event_images/boydoc.jpg','',0,'2025-04-20 17:47:51.247638',4);
INSERT INTO events_eventimage VALUES(11,'event_images/kibandaski2.png','',0,'2025-04-21 16:42:49.843394',4);
INSERT INTO events_eventimage VALUES(12,'event_images/IMG20230923080529.jpg','',1,'2025-04-25 10:19:07.034300',5);
CREATE TABLE IF NOT EXISTS "events_eventlike" ("id" integer NOT NULL PRIMARY KEY AUTOINCREMENT, "created_at" datetime NOT NULL, "event_id" bigint NOT NULL REFERENCES "events_event" ("id") DEFERRABLE INITIALLY DEFERRED, "user_id" integer NOT NULL REFERENCES "auth_user" ("id") DEFERRABLE INITIALLY DEFERRED);
INSERT INTO events_eventlike VALUES(4,'2025-04-02 10:41:55.869412',3,1);
INSERT INTO events_eventlike VALUES(5,'2025-04-02 13:08:39.435832',1,4);
INSERT INTO events_eventlike VALUES(6,'2025-04-09 09:13:25.384186',3,4);
INSERT INTO events_eventlike VALUES(7,'2025-04-17 09:10:14.706809',2,5);
INSERT INTO events_eventlike VALUES(8,'2025-04-20 06:31:07.088184',1,1);
CREATE TABLE IF NOT EXISTS "events_eventnotification" ("id" integer NOT NULL PRIMARY KEY AUTOINCREMENT, "notification_type" varchar(20) NOT NULL, "message" text NOT NULL, "is_read" bool NOT NULL, "created_at" datetime NOT NULL, "event_id" bigint NOT NULL REFERENCES "events_event" ("id") DEFERRABLE INITIALLY DEFERRED, "user_id" integer NOT NULL REFERENCES "auth_user" ("id") DEFERRABLE INITIALLY DEFERRED);
CREATE TABLE IF NOT EXISTS "events_eventshare" ("id" integer NOT NULL PRIMARY KEY AUTOINCREMENT, "shared_via" varchar(20) NOT NULL, "shared_at" datetime NOT NULL, "event_id" bigint NOT NULL REFERENCES "events_event" ("id") DEFERRABLE INITIALLY DEFERRED, "user_id" integer NOT NULL REFERENCES "auth_user" ("id") DEFERRABLE INITIALLY DEFERRED);
CREATE TABLE IF NOT EXISTS "accounts_userprofile" ("id" integer NOT NULL PRIMARY KEY AUTOINCREMENT, "phone" varchar(15) NOT NULL, "profile_picture" varchar(100) NULL, "date_of_birth" date NULL, "gender" varchar(10) NOT NULL, "user_id" integer NOT NULL UNIQUE REFERENCES "auth_user" ("id") DEFERRABLE INITIALLY DEFERRED, "usertype" varchar(10) NOT NULL, "email_confirmed" bool NOT NULL, "otp_code" varchar(6) NULL, "otp_created_at" datetime NULL, "theme" varchar(10) NOT NULL, "bio" varchar(150) NULL, "last_reset_request" datetime NULL);
INSERT INTO accounts_userprofile VALUES(1,'0746120864','profile_pics/profile_1745266679584.jpg','2002-02-02','',1,'admin',1,'614878','2025-04-20 10:09:45.989180','light','Tech Enthusiast | coding','2025-04-26 06:46:34.193539');
INSERT INTO accounts_userprofile VALUES(2,'0724997491','profile_pics/profile_1741786321195.jpg','2003-02-01','Female',2,'user',0,NULL,NULL,'light',NULL,NULL);
INSERT INTO accounts_userprofile VALUES(3,'','',NULL,'',3,'user',0,NULL,NULL,'light',NULL,NULL);
INSERT INTO accounts_userprofile VALUES(4,'','profile_pics/profile_1744192111805.jpg',NULL,'',4,'user',0,NULL,NULL,'light',NULL,NULL);
INSERT INTO accounts_userprofile VALUES(5,'0711000000','profile_pics/profile_1741792780582.jpg','2000-04-05','',5,'user',1,NULL,NULL,'light','Loves music | Nerd coder',NULL);
INSERT INTO accounts_userprofile VALUES(6,'','',NULL,'',6,'user',0,NULL,NULL,'light',NULL,NULL);
INSERT INTO accounts_userprofile VALUES(7,'','',NULL,'',7,'user',0,NULL,NULL,'light',NULL,NULL);
INSERT INTO accounts_userprofile VALUES(8,'','',NULL,'',8,'user',0,NULL,NULL,'light',NULL,NULL);
INSERT INTO accounts_userprofile VALUES(9,'','',NULL,'',9,'user',0,NULL,NULL,'light',NULL,NULL);
CREATE TABLE IF NOT EXISTS "accounts_following" ("id" integer NOT NULL PRIMARY KEY AUTOINCREMENT, "created_at" datetime NOT NULL, "followed_id" bigint NOT NULL REFERENCES "accounts_userprofile" ("id") DEFERRABLE INITIALLY DEFERRED, "follower_id" bigint NOT NULL REFERENCES "accounts_userprofile" ("id") DEFERRABLE INITIALLY DEFERRED);
INSERT INTO accounts_following VALUES(1,'2025-04-21 19:27:05.094015',4,2);
INSERT INTO accounts_following VALUES(3,'2025-04-21 20:14:34.781396',3,2);
INSERT INTO accounts_following VALUES(4,'2025-04-21 20:16:13.312292',2,1);
INSERT INTO accounts_following VALUES(6,'2025-04-21 20:17:02.413684',1,2);
INSERT INTO accounts_following VALUES(7,'2025-04-21 20:17:19.983248',5,1);
INSERT INTO accounts_following VALUES(8,'2025-04-21 20:17:21.215048',7,1);
INSERT INTO accounts_following VALUES(11,'2025-04-25 22:36:27.763381',6,2);
INSERT INTO accounts_following VALUES(12,'2025-04-25 22:40:09.480347',8,2);
CREATE TABLE IF NOT EXISTS "events_invite" ("id" integer NOT NULL PRIMARY KEY AUTOINCREMENT, "sent_at" datetime NOT NULL, "created_at" datetime NOT NULL, "event_id" bigint NOT NULL REFERENCES "events_event" ("id") DEFERRABLE INITIALLY DEFERRED, "recipient_id" integer NOT NULL REFERENCES "auth_user" ("id") DEFERRABLE INITIALLY DEFERRED);
INSERT INTO events_invite VALUES(1,'2025-04-22 09:48:18.093431','2025-04-22 09:48:18.093431',4,2);
INSERT INTO events_invite VALUES(3,'2025-04-22 09:54:24.066417','2025-04-22 09:54:24.066417',4,7);
INSERT INTO events_invite VALUES(4,'2025-04-22 10:09:01.768931','2025-04-22 10:09:01.768931',4,6);
INSERT INTO events_invite VALUES(6,'2025-04-25 08:14:10.660167','2025-04-25 08:14:10.660167',1,7);
INSERT INTO events_invite VALUES(7,'2025-04-25 08:23:05.114903','2025-04-25 08:23:05.115899',1,1);
INSERT INTO events_invite VALUES(8,'2025-04-25 08:38:21.178690','2025-04-25 08:38:21.178750',1,6);
INSERT INTO events_invite VALUES(9,'2025-04-25 09:02:50.736022','2025-04-25 09:02:50.737019',1,4);
INSERT INTO events_invite VALUES(10,'2025-04-25 09:03:08.679828','2025-04-25 09:03:08.680823',1,5);
CREATE TABLE IF NOT EXISTS "accounts_notification" ("id" integer NOT NULL PRIMARY KEY AUTOINCREMENT, "message" varchar(255) NOT NULL, "link" varchar(255) NOT NULL, "is_read" bool NOT NULL, "created_at" datetime NOT NULL, "recipient_id" integer NOT NULL REFERENCES "auth_user" ("id") DEFERRABLE INITIALLY DEFERRED);
INSERT INTO accounts_notification VALUES(1,'villy started following you','/discover/',0,'2025-04-25 22:40:09.489324',8);
INSERT INTO accounts_notification VALUES(2,'myphone unfollowed you','/discover/',1,'2025-04-25 22:52:05.456093',2);
INSERT INTO accounts_notification VALUES(3,'villy unfollowed you','/discover/',1,'2025-04-25 23:08:14.788499',5);
DELETE FROM sqlite_sequence;
INSERT INTO sqlite_sequence VALUES('django_migrations',36);
INSERT INTO sqlite_sequence VALUES('django_admin_log',0);
INSERT INTO sqlite_sequence VALUES('django_content_type',25);
INSERT INTO sqlite_sequence VALUES('auth_permission',100);
INSERT INTO sqlite_sequence VALUES('auth_group',0);
INSERT INTO sqlite_sequence VALUES('auth_user',9);
INSERT INTO sqlite_sequence VALUES('accounts_interest',10);
INSERT INTO sqlite_sequence VALUES('accounts_userprofile_interests',10);
INSERT INTO sqlite_sequence VALUES('myvibeapp_post',13);
INSERT INTO sqlite_sequence VALUES('myvibeapp_media',10);
INSERT INTO sqlite_sequence VALUES('taggit_taggeditem',0);
INSERT INTO sqlite_sequence VALUES('taggit_tag',0);
INSERT INTO sqlite_sequence VALUES('events_event',5);
INSERT INTO sqlite_sequence VALUES('events_event_interests',8);
INSERT INTO sqlite_sequence VALUES('events_eventimage',12);
INSERT INTO sqlite_sequence VALUES('events_attendance',26);
INSERT INTO sqlite_sequence VALUES('myvibeapp_comment',45);
INSERT INTO sqlite_sequence VALUES('events_eventlike',8);
INSERT INTO sqlite_sequence VALUES('events_eventcomment',8);
INSERT INTO sqlite_sequence VALUES('accounts_userprofile',9);
INSERT INTO sqlite_sequence VALUES('accounts_following',12);
INSERT INTO sqlite_sequence VALUES('events_invite',10);
INSERT INTO sqlite_sequence VALUES('myvibeapp_post_interests',3);
INSERT INTO sqlite_sequence VALUES('accounts_notification',3);
CREATE UNIQUE INDEX "auth_group_permissions_group_id_permission_id_0cd325b0_uniq" ON "auth_group_permissions" ("group_id", "permission_id");
CREATE INDEX "auth_group_permissions_group_id_b120cbf9" ON "auth_group_permissions" ("group_id");
CREATE INDEX "auth_group_permissions_permission_id_84c5c92e" ON "auth_group_permissions" ("permission_id");
CREATE UNIQUE INDEX "auth_user_groups_user_id_group_id_94350c0c_uniq" ON "auth_user_groups" ("user_id", "group_id");
CREATE INDEX "auth_user_groups_user_id_6a12ed8b" ON "auth_user_groups" ("user_id");
CREATE INDEX "auth_user_groups_group_id_97559544" ON "auth_user_groups" ("group_id");
CREATE UNIQUE INDEX "auth_user_user_permissions_user_id_permission_id_14a6b632_uniq" ON "auth_user_user_permissions" ("user_id", "permission_id");
CREATE INDEX "auth_user_user_permissions_user_id_a95ead1b" ON "auth_user_user_permissions" ("user_id");
CREATE INDEX "auth_user_user_permissions_permission_id_1fbb5f2c" ON "auth_user_user_permissions" ("permission_id");
CREATE INDEX "django_admin_log_content_type_id_c4bce8eb" ON "django_admin_log" ("content_type_id");
CREATE INDEX "django_admin_log_user_id_c564eba6" ON "django_admin_log" ("user_id");
CREATE UNIQUE INDEX "django_content_type_app_label_model_76bd3d3b_uniq" ON "django_content_type" ("app_label", "model");
CREATE UNIQUE INDEX "auth_permission_content_type_id_codename_01ab375a_uniq" ON "auth_permission" ("content_type_id", "codename");
CREATE INDEX "auth_permission_content_type_id_2f476e4b" ON "auth_permission" ("content_type_id");
CREATE INDEX "django_session_expire_date_a5c62663" ON "django_session" ("expire_date");
CREATE UNIQUE INDEX "accounts_interest_related_interests_from_interest_id_to_interest_id_7312ba17_uniq" ON "accounts_interest_related_interests" ("from_interest_id", "to_interest_id");
CREATE INDEX "accounts_interest_related_interests_from_interest_id_eac22694" ON "accounts_interest_related_interests" ("from_interest_id");
CREATE INDEX "accounts_interest_related_interests_to_interest_id_401dfca9" ON "accounts_interest_related_interests" ("to_interest_id");
CREATE UNIQUE INDEX "accounts_userprofile_interests_userprofile_id_interest_id_20261887_uniq" ON "accounts_userprofile_interests" ("userprofile_id", "interest_id");
CREATE INDEX "accounts_userprofile_interests_userprofile_id_21ce8e4e" ON "accounts_userprofile_interests" ("userprofile_id");
CREATE INDEX "accounts_userprofile_interests_interest_id_cf55b5b4" ON "accounts_userprofile_interests" ("interest_id");
CREATE INDEX "myvibeapp_p_created_c8c497_idx" ON "myvibeapp_post" ("created_at");
CREATE INDEX "myvibeapp_p_privacy_8c161b_idx" ON "myvibeapp_post" ("privacy");
CREATE INDEX "myvibeapp_post_user_id_46389fec" ON "myvibeapp_post" ("user_id");
CREATE UNIQUE INDEX "myvibeapp_post_interests_post_id_interest_id_4e2c416c_uniq" ON "myvibeapp_post_interests" ("post_id", "interest_id");
CREATE INDEX "myvibeapp_post_interests_post_id_be81d248" ON "myvibeapp_post_interests" ("post_id");
CREATE INDEX "myvibeapp_post_interests_interest_id_ddb0679d" ON "myvibeapp_post_interests" ("interest_id");
CREATE UNIQUE INDEX "myvibeapp_post_likes_post_id_user_id_45c9ab43_uniq" ON "myvibeapp_post_likes" ("post_id", "user_id");
CREATE INDEX "myvibeapp_post_likes_post_id_9c4cef62" ON "myvibeapp_post_likes" ("post_id");
CREATE INDEX "myvibeapp_post_likes_user_id_dc2c7dc5" ON "myvibeapp_post_likes" ("user_id");
CREATE INDEX "myvibeapp_media_post_id_024abee4" ON "myvibeapp_media" ("post_id");
CREATE INDEX "myvibeapp_comment_parent_comment_id_d9644cb5" ON "myvibeapp_comment" ("parent_comment_id");
CREATE INDEX "myvibeapp_comment_user_id_644ffbe0" ON "myvibeapp_comment" ("user_id");
CREATE INDEX "myvibeapp_comment_post_id_0f295b6e" ON "myvibeapp_comment" ("post_id");
CREATE INDEX "myvibeapp_share_original_post_id_44775489" ON "myvibeapp_share" ("original_post_id");
CREATE INDEX "myvibeapp_share_user_id_bd73f4d8" ON "myvibeapp_share" ("user_id");
CREATE INDEX "myvibeapp_view_post_id_b6324926" ON "myvibeapp_view" ("post_id");
CREATE INDEX "myvibeapp_view_user_id_86320c0c" ON "myvibeapp_view" ("user_id");
CREATE INDEX "taggit_taggeditem_object_id_e2d7d1df" ON "taggit_taggeditem" ("object_id");
CREATE INDEX "taggit_taggeditem_content_type_id_9957a03c" ON "taggit_taggeditem" ("content_type_id");
CREATE INDEX "taggit_taggeditem_tag_id_f4f5b767" ON "taggit_taggeditem" ("tag_id");
CREATE INDEX "taggit_tagg_content_8fc721_idx" ON "taggit_taggeditem" ("content_type_id", "object_id");
CREATE INDEX "events_even_start_t_c2d277_idx" ON "events_event" ("start_time");
CREATE INDEX "events_even_categor_aca11d_idx" ON "events_event" ("category");
CREATE UNIQUE INDEX "events_attendance_event_id_user_id_9df59bbd_uniq" ON "events_attendance" ("event_id", "user_id");
CREATE UNIQUE INDEX "events_eventlike_user_id_event_id_d7ecd58d_uniq" ON "events_eventlike" ("user_id", "event_id");
CREATE INDEX "events_event_creator_id_13bb3d46" ON "events_event" ("creator_id");
CREATE UNIQUE INDEX "events_event_interests_event_id_interest_id_9016f8be_uniq" ON "events_event_interests" ("event_id", "interest_id");
CREATE INDEX "events_event_interests_event_id_7fb12d1f" ON "events_event_interests" ("event_id");
CREATE INDEX "events_event_interests_interest_id_5bdbc6c1" ON "events_event_interests" ("interest_id");
CREATE INDEX "events_attendance_user_id_fabb08e1" ON "events_attendance" ("user_id");
CREATE INDEX "events_attendance_event_id_7d028551" ON "events_attendance" ("event_id");
CREATE INDEX "events_eventcomment_event_id_a63d0b43" ON "events_eventcomment" ("event_id");
CREATE INDEX "events_eventcomment_parent_comment_id_9e63f57e" ON "events_eventcomment" ("parent_comment_id");
CREATE INDEX "events_eventcomment_user_id_1fb099ca" ON "events_eventcomment" ("user_id");
CREATE INDEX "events_eventimage_event_id_98f6f988" ON "events_eventimage" ("event_id");
CREATE INDEX "events_eventlike_event_id_e5ccad29" ON "events_eventlike" ("event_id");
CREATE INDEX "events_eventlike_user_id_61484f1e" ON "events_eventlike" ("user_id");
CREATE INDEX "events_eventnotification_event_id_a357dbb4" ON "events_eventnotification" ("event_id");
CREATE INDEX "events_eventnotification_user_id_36a96e56" ON "events_eventnotification" ("user_id");
CREATE INDEX "events_eventshare_event_id_12e16c27" ON "events_eventshare" ("event_id");
CREATE INDEX "events_eventshare_user_id_b3c519f4" ON "events_eventshare" ("user_id");
CREATE UNIQUE INDEX "accounts_following_follower_id_followed_id_970c4d39_uniq" ON "accounts_following" ("follower_id", "followed_id");
CREATE INDEX "accounts_following_followed_id_944de84b" ON "accounts_following" ("followed_id");
CREATE INDEX "accounts_following_follower_id_fa408f7d" ON "accounts_following" ("follower_id");
CREATE UNIQUE INDEX "events_invite_event_id_recipient_id_88f0b40c_uniq" ON "events_invite" ("event_id", "recipient_id");
CREATE INDEX "events_invite_event_id_25a173ca" ON "events_invite" ("event_id");
CREATE INDEX "events_invite_recipient_id_55ad28d7" ON "events_invite" ("recipient_id");
CREATE INDEX "accounts_notification_recipient_id_cb6b57f5" ON "accounts_notification" ("recipient_id");
COMMIT;
